{"type":"Topology","arcs":[[[1422,538],[-203,87],[-32,27],[-103,156],[-71,169],[-25,101],[-142,45],[-15,24],[87,211],[37,47],[19,158],[-37,80],[11,109],[101,103],[98,32],[45,84],[53,55],[106,128],[82,62],[27,58],[70,67],[35,56],[60,60],[74,56],[64,106],[103,56],[85,29],[96,76],[22,82],[73,85],[68,51],[21,45],[107,34],[44,3],[106,47],[153,13],[73,18],[58,76],[43,31],[126,36],[69,1],[53,-14],[45,-51],[63,-14],[9,-34],[61,-30],[44,0],[83,-24],[104,2],[43,-102],[46,-1],[44,-28],[-111,-61],[-122,-99],[-10,-73],[35,-85],[41,-52],[-10,-85],[-25,-49],[-56,-53],[-25,-82],[-167,-159],[-15,-39],[-48,-35],[-5,-32],[27,-55],[-53,-83],[-47,-154],[-90,-214],[-2,-54],[-33,-61],[-25,-94],[-55,-48],[-35,-74],[21,-56],[-29,-34],[-54,-17],[-22,-72],[-42,-62],[-121,-105],[-38,-64],[-55,-46],[-128,-51],[-63,-18],[-26,-64],[-46,-54],[-93,-218],[-15,-176],[4,-84],[-56,-47],[9,-83],[-26,-14],[-102,39],[-53,-8],[-58,11],[-47,54],[-23,48],[15,33],[-4,84],[-26,84],[-98,116],[-73,45],[-103,32]],[[7126,3875],[-2,27],[43,8],[19,-25],[-60,-10]],[[5598,3704],[-1,20],[54,21],[44,-17],[-8,-27],[-51,-10],[-38,13]],[[313,1607],[-52,-45],[-49,2],[-15,24],[5,52],[39,-7],[22,26],[94,-4],[32,-48],[-76,0]],[[5907,3885],[15,24],[41,-21],[-56,-3]],[[118,1679],[27,0],[-3,-59],[-71,-7],[46,18],[1,48]],[[106,1449],[27,-35],[-30,0],[3,35]],[[189,1719],[41,9],[40,-15],[-16,-42],[-65,48]],[[2848,765],[64,-1],[-1,-43],[-52,10],[-11,34]],[[2907,196],[90,-2],[-1,-46],[42,-14],[-14,-26],[-85,26],[-36,25],[4,37]],[[3723,3486],[38,-23],[-43,-4],[5,27]],[[0,1285],[45,1],[-45,-27],[0,26]],[[1299,428],[39,27],[17,-13],[-56,-14]]],"transform":{"scale":[0.0007187638463679394,0.0010374442455242966],"translate":[119.421309,21.883333]},"objects":{"710000":{"type":"GeometryCollection","geometries":[{"arcs":[[[0]],[[1]],[[2]],[[3]],[[4]],[[5]],[[6]],[[7]],[[8]],[[9]],[[10]],[[11]],[[12]]],"type":"MultiPolygon","properties":{"adcode":710000,"name":"台湾省","center":[121.509062,25.044332],"centroid":[120.971485,23.749452],"childrenNum":0,"level":"province","acroutes":[100000],"parent":{"adcode":100000}}}]}}}