{"type":"Topology","arcs":[[[492,332],[17,300],[-103,94],[-30,25],[-106,84],[-87,131],[-89,133],[-3,21],[-34,37],[-27,28],[-30,90],[5,40],[19,36],[24,24],[-23,11],[105,104],[19,53],[29,83],[-4,43],[-2,33],[-18,12],[-16,40],[-21,46],[44,21],[12,-1],[6,2],[15,1],[43,0],[66,-10],[7,-1],[3,1],[5,5],[4,-2],[6,8],[2,0],[9,10],[1,3],[22,33],[23,11],[20,-1],[7,-2],[37,0],[14,-4],[2,2],[15,1],[10,-2],[11,0],[10,2],[9,3],[20,2],[-3,-24],[1,-2],[4,-2],[26,10],[244,-66],[7,-3],[145,-61],[42,-101],[6,-97],[150,-202],[110,-148],[155,-208],[211,-421],[46,-92],[-5,-9],[-146,-126],[-414,-269],[-30,-14],[-62,-13],[-365,-34],[-34,0],[-124,19],[-25,94],[13,219]],[[1269,1655],[0,-95],[-7,-14],[-53,-27],[-166,3],[-16,7],[-7,11],[0,98],[2,17],[247,0]]],"transform":{"scale":[0.000041899643705456485,0.000057311370882039714],"translate":[113.53331399999999,22.106214]},"objects":{"820000":{"type":"GeometryCollection","geometries":[{"arcs":[[[0]],[[1]]],"type":"MultiPolygon","properties":{"adcode":820000,"name":"澳门特别行政区","center":[113.54909,22.198951],"centroid":[113.566988,22.159307],"childrenNum":8,"level":"province","acroutes":[100000],"parent":{"adcode":100000}}}]}}}